{"cameraMode":{"drawMode":0,"name":"Shaded","section":"Shading Mode"},"sceneLighting":false,"audioPlay":false,"sceneViewState":{"m_AlwaysRefresh":false,"showFog":true,"showSkybox":false,"showFlares":true,"showImageEffects":true,"showParticleSystems":true,"showVisualEffectGraphs":true,"m_FxEnabled":true},"in2DMode":false,"pivot":{"x":0.47430285811424258,"y":1.2129207849502564,"z":0.3004279136657715},"rotation":{"x":0.007018097210675478,"y":-0.9883416891098023,"z":0.14421966671943665,"w":0.04808272421360016},"size":0.7894302010536194,"orthographic":false}